# Public domain game scores used only by the developer demos (-Djavachess.demo.seed): white, black, event, result, SAN moves
Adolf Anderssen	Lionel Kieseritzky	London 1851 (Immortal Game)	1-0	1.e4 e5 2.f4 exf4 3.Bc4 Qh4+ 4.Kf1 b5 5.Bxb5 Nf6 6.Nf3 Qh6 7.d3 Nh5 8.Nh4 Qg5 9.Nf5 c6 10.g4 Nf6 11.Rg1 cxb5 12.h4 Qg6 13.h5 Qg5 14.Qf3 Ng8 15.Bxf4 Qf6 16.Nc3 Bc5 17.Nd5 Qxb2 18.Bd6 Bxg1 19.e5 Qxa1+ 20.Ke2 Na6 21.Nxg7+ Kd8 22.Qf6+ Nxf6 23.Be7#
Adolf Anderssen	Jean Dufresne	Berlin 1852 (Evergreen Game)	1-0	1.e4 e5 2.Nf3 Nc6 3.Bc4 Bc5 4.b4 Bxb4 5.c3 Ba5 6.d4 exd4 7.O-O d3 8.Qb3 Qf6 9.e5 Qg6 10.Re1 Nge7 11.Ba3 b5 12.Qxb5 Rb8 13.Qa4 Bb6 14.Nbd2 Bb7 15.Ne4 Qf5 16.Bxd3 Qh5 17.Nf6+ gxf6 18.exf6 Rg8 19.Rad1 Qxf3 20.Rxe7+ Nxe7 21.Qxd7+ Kxd7 22.Bf5+ Ke8 23.Bd7+ Kf8 24.Bxe7#
Paul Morphy	Duke Karl of Brunswick and Count Isouard	Paris 1858 (Opera Game)	1-0	1.e4 e5 2.Nf3 d6 3.d4 Bg4 4.dxe5 Bxf3 5.Qxf3 dxe5 6.Bc4 Nf6 7.Qb3 Qe7 8.Nc3 c6 9.Bg5 b5 10.Nxb5 cxb5 11.Bxb5+ Nbd7 12.O-O-O Rd8 13.Rxd7 Rxd7 14.Rd1 Qe6 15.Bxd7+ Nxd7 16.Qb8+ Nxb8 17.Rd8#
Wilhelm Steinitz	Curt von Bardeleben	Hastings 1895	1-0	1.e4 e5 2.Nf3 Nc6 3.Bc4 Bc5 4.c3 Nf6 5.d4 exd4 6.cxd4 Bb4+ 7.Nc3 d5 8.exd5 Nxd5 9.O-O Be6 10.Bg5 Be7 11.Bxd5 Bxd5 12.Nxd5 Qxd5 13.Bxe7 Nxe7 14.Re1 f6 15.Qe2 Qd7 16.Rac1 c6 17.d5 cxd5 18.Nd4 Kf7 19.Ne6 Rhc8 20.Qg4 g6 21.Ng5+ Ke8 22.Rxe7+ Kf8 23.Rf7+ Kg8 24.Rg7+ Kh8 25.Rxh7+
Georg Rotlewi	Akiba Rubinstein	Lodz 1907 (Rubinstein's Immortal)	0-1	1.d4 d5 2.Nf3 e6 3.e3 c5 4.c4 Nc6 5.Nc3 Nf6 6.dxc5 Bxc5 7.a3 a6 8.b4 Bd6 9.Bb2 O-O 10.Qd2 Qe7 11.Bd3 dxc4 12.Bxc4 b5 13.Bd3 Rd8 14.Qe2 Bb7 15.O-O Ne5 16.Nxe5 Bxe5 17.f4 Bc7 18.e4 Rac8 19.e5 Bb6+ 20.Kh1 Ng4 21.Be4 Qh4 22.g3 Rxc3 23.gxh4 Rd2 24.Qxd2 Bxe4+ 25.Qg2 Rh3
Richard Reti	Savielly Tartakower	Vienna 1910	1-0	1.e4 c6 2.d4 d5 3.Nc3 dxe4 4.Nxe4 Nf6 5.Qd3 e5 6.dxe5 Qa5+ 7.Bd2 Qxe5 8.O-O-O Nxe4 9.Qd8+ Kxd8 10.Bg5+ Kc7 11.Bd8#
Stepan Levitsky	Frank Marshall	Breslau 1912 (the 'gold coins' game)	0-1	1.d4 e6 2.e4 d5 3.Nc3 c5 4.Nf3 Nc6 5.exd5 exd5 6.Be2 Nf6 7.O-O Be7 8.Bg5 O-O 9.dxc5 Be6 10.Nd4 Bxc5 11.Nxe6 fxe6 12.Bg4 Qd6 13.Bh3 Rae8 14.Qd2 Bb4 15.Bxf6 Rxf6 16.Rad1 Qc5 17.Qe2 Bxc3 18.bxc3 Qxc3 19.Rxd5 Nd4 20.Qh5 Ref8 21.Re5 Rh6 22.Qg5 Rxh3 23.Rc5 Qg3
Edward Lasker	George Alan Thomas	London 1912 (king hunt)	1-0	1.d4 e6 2.Nf3 f5 3.Nc3 Nf6 4.Bg5 Be7 5.Bxf6 Bxf6 6.e4 fxe4 7.Nxe4 b6 8.Ne5 O-O 9.Bd3 Bb7 10.Qh5 Qe7 11.Qxh7+ Kxh7 12.Nxf6+ Kh6 13.Neg4+ Kg5 14.h4+ Kf4 15.g3+ Kf3 16.Be2+ Kg2 17.Rh2+ Kg1 18.Kd2#
Carlos Torre	Emanuel Lasker	Moscow 1925 (the windmill)	1-0	1.d4 Nf6 2.Nf3 e6 3.Bg5 c5 4.e3 cxd4 5.exd4 Be7 6.Nbd2 d6 7.c3 Nbd7 8.Bd3 b6 9.Nc4 Bb7 10.Qe2 Qc7 11.O-O O-O 12.Rfe1 Rfe8 13.Rad1 Nf8 14.Bc1 Nd5 15.Ng5 b5 16.Na3 b4 17.cxb4 Nxb4 18.Qh5 Bxg5 19.Bxg5 Nxd3 20.Rxd3 Qa5 21.b4 Qf5 22.Rg3 h6 23.Nc4 Qd5 24.Ne3 Qb5 25.Bf6 Qxh5 26.Rxg7+ Kh8 27.Rxf7+ Kg8 28.Rg7+ Kh8 29.Rxb7+ Kg8 30.Rg7+ Kh8 31.Rg5+ Kh7 32.Rxh5 Kg6 33.Rh3 Kxf6 34.Rxh6+ Kg5 35.Rh3 Reb8 36.Rg3+ Kf6 37.Rf3+ Kg6 38.a3 a5 39.bxa5 Rxa5 40.Nc4 Rd5 41.Rf4 Nd7 42.Rxe6+ Kg5 43.g3
Mikhail Botvinnik	Jose Raul Capablanca	AVRO 1938	1-0	1.d4 Nf6 2.c4 e6 3.Nc3 Bb4 4.e3 d5 5.a3 Bxc3+ 6.bxc3 c5 7.cxd5 exd5 8.Bd3 O-O 9.Ne2 b6 10.O-O Ba6 11.Bxa6 Nxa6 12.Bb2 Qd7 13.a4 Rfe8 14.Qd3 c4 15.Qc2 Nb8 16.Rae1 Nc6 17.Ng3 Na5 18.f3 Nb3 19.e4 Qxa4 20.e5 Nd7 21.Qf2 g6 22.f4 f5 23.exf6 Nxf6 24.f5 Rxe1 25.Rxe1 Re8 26.Re6 Rxe6 27.fxe6 Kg7 28.Qf4 Qe8 29.Qe5 Qe7 30.Ba3 Qxa3 31.Nh5+ gxh5 32.Qg5+ Kf8 33.Qxf6+ Kg8 34.e7 Qc1+ 35.Kf2 Qc2+ 36.Kg3 Qd3+ 37.Kh4 Qe4+ 38.Kxh5 Qe2+ 39.Kh4 Qe4+ 40.g4 Qe1+ 41.Kh5
Donald Byrne	Robert James Fischer	New York 1956 (Game of the Century)	0-1	1.Nf3 Nf6 2.c4 g6 3.Nc3 Bg7 4.d4 O-O 5.Bf4 d5 6.Qb3 dxc4 7.Qxc4 c6 8.e4 Nbd7 9.Rd1 Nb6 10.Qc5 Bg4 11.Bg5 Na4 12.Qa3 Nxc3 13.bxc3 Nxe4 14.Bxe7 Qb6 15.Bc4 Nxc3 16.Bc5 Rfe8+ 17.Kf1 Be6 18.Bxb6 Bxc4+ 19.Kg1 Ne2+ 20.Kf1 Nxd4+ 21.Kg1 Ne2+ 22.Kf1 Nc3+ 23.Kg1 axb6 24.Qb4 Ra4 25.Qxb6 Nxd1 26.h3 Rxa2 27.Kh2 Nxf2 28.Re1 Rxe1 29.Qd8+ Bf8 30.Nxe1 Bd5 31.Nf3 Ne4 32.Qb8 b5 33.h4 h5 34.Ne5 Kg7 35.Kg1 Bc5+ 36.Kf1 Ng3+ 37.Ke1 Bb4+ 38.Kd1 Bb3+ 39.Kc1 Ne2+ 40.Kb1 Nc3+ 41.Kc1 Rc2#
Boris Spassky	David Bronstein	Leningrad 1960 (USSR ch.)	1-0	1.e4 e5 2.f4 exf4 3.Nf3 d5 4.exd5 Bd6 5.Nc3 Ne7 6.d4 O-O 7.Bd3 Nd7 8.O-O h6 9.Ne4 Nxd5 10.c4 Ne3 11.Bxe3 fxe3 12.c5 Be7 13.Bc2 Re8 14.Qd3 e2 15.Nd6 Nf8 16.Nxf7 exf1=Q+ 17.Rxf1 Bf5 18.Qxf5 Qd7 19.Qf4 Bf6 20.N3e5 Qe7 21.Bb3 Bxe5 22.Nxe5+ Kh7 23.Qe4+
Robert Byrne	Robert James Fischer	New York 1963 (US ch.)	0-1	1.d4 Nf6 2.c4 g6 3.g3 c6 4.Bg2 d5 5.cxd5 cxd5 6.Nc3 Bg7 7.e3 O-O 8.Nge2 Nc6 9.O-O b6 10.b3 Ba6 11.Ba3 Re8 12.Qd2 e5 13.dxe5 Nxe5 14.Rfd1 Nd3 15.Qc2 Nxf2 16.Kxf2 Ng4+ 17.Kg1 Nxe3 18.Qd2 Nxg2 19.Kxg2 d4 20.Nxd4 Bb7+ 21.Kf1 Qd7
Anatoly Karpov	Garry Kasparov	World Championship 1985, game 16	0-1	1.e4 c5 2.Nf3 e6 3.d4 cxd4 4.Nxd4 Nc6 5.Nb5 d6 6.c4 Nf6 7.N1c3 a6 8.Na3 d5 9.cxd5 exd5 10.exd5 Nb4 11.Be2 Bc5 12.O-O O-O 13.Bf3 Bf5 14.Bg5 Re8 15.Qd2 b5 16.Rad1 Nd3 17.Nab1 h6 18.Bh4 b4 19.Na4 Bd6 20.Bg3 Rc8 21.b3 g5 22.Bxd6 Qxd6 23.g3 Nd7 24.Bg2 Qf6 25.a3 a5 26.axb4 axb4 27.Qa2 Bg6 28.d6 g4 29.Qd2 Kg7 30.f3 Qxd6 31.fxg4 Qd4+ 32.Kh1 Nf6 33.Rf4 Ne4 34.Qxd3 Nf2+ 35.Rxf2 Bxd3 36.Rfd2 Qe3 37.Rxd3 Rc1 38.Nb2 Qf2 39.Nd2 Rxd1+ 40.Nxd1 Re1+
Garry Kasparov	Veselin Topalov	Wijk aan Zee 1999	1-0	1.e4 d6 2.d4 Nf6 3.Nc3 g6 4.Be3 Bg7 5.Qd2 c6 6.f3 b5 7.Nge2 Nbd7 8.Bh6 Bxh6 9.Qxh6 Bb7 10.a3 e5 11.O-O-O Qe7 12.Kb1 a6 13.Nc1 O-O-O 14.Nb3 exd4 15.Rxd4 c5 16.Rd1 Nb6 17.g3 Kb8 18.Na5 Ba8 19.Bh3 d5 20.Qf4+ Ka7 21.Rhe1 d4 22.Nd5 Nbxd5 23.exd5 Qd6 24.Rxd4 cxd4 25.Re7+ Kb6 26.Qxd4+ Kxa5 27.b4+ Ka4 28.Qc3 Qxd5 29.Ra7 Bb7 30.Rxb7 Qc4 31.Qxf6 Kxa3 32.Qxa6+ Kxb4 33.c3+ Kxc3 34.Qa1+ Kd2 35.Qb2+ Kd1 36.Bf1 Rd2 37.Rd7 Rxd7 38.Bxc4 bxc4 39.Qxh8 Rd3 40.Qa8 c3 41.Qa4+ Ke1 42.f4 f5 43.Kc1 Rd2 44.Qa7
Levon Aronian	Viswanathan Anand	Wijk aan Zee 2013	0-1	1.d4 d5 2.c4 c6 3.Nf3 Nf6 4.Nc3 e6 5.e3 Nbd7 6.Bd3 dxc4 7.Bxc4 b5 8.Bd3 Bd6 9.O-O O-O 10.Qc2 Bb7 11.a3 Rc8 12.Ng5 c5 13.Nxh7 Ng4 14.f4 cxd4 15.exd4 Bc5 16.Be2 Nde5 17.Bxg4 Bxd4+ 18.Kh1 Nxg4 19.Nxf8 f5 20.Ng6 Qf6 21.h3 Qxg6 22.Qe2 Qh5 23.Qd3 Be3
Nigel Short	Jan Timman	Tilburg 1991 (king walk)	1-0	1.e4 Nf6 2.e5 Nd5 3.d4 d6 4.Nf3 g6 5.Bc4 Nb6 6.Bb3 Bg7 7.Qe2 Nc6 8.O-O O-O 9.h3 a5 10.a4 dxe5 11.dxe5 Nd4 12.Nxd4 Qxd4 13.Re1 e6 14.Nd2 Nd5 15.Nf3 Qc5 16.Qe4 Qb4 17.Bc4 Nb6 18.b3 Nxc4 19.bxc4 Re8 20.Rd1 Qc5 21.Qh4 b6 22.Be3 Qc6 23.Bh6 Bh8 24.Rd8 Bb7 25.Rad1 Bg7 26.R8d7 Rf8 27.Bxg7 Kxg7 28.R1d4 Rae8 29.Qf6+ Kg8 30.h4 h5 31.Kh2 Rc8 32.Kg3 Rce8 33.Kf4 Bc8 34.Kg5
Sire de Legal	Saint Brie	Paris 1750 (Legal's mate; played at rook odds, White without Ra1, not representable here: score replayed from the standard start)	1-0	1.e4 e5 2.Nf3 d6 3.Bc4 Bg4 4.Nc3 g6 5.Nxe5 Bxd1 6.Bxf7+ Ke7 7.Nd5#
Deep Blue	Garry Kasparov	New York 1997, game 6	1-0	1.e4 c6 2.d4 d5 3.Nc3 dxe4 4.Nxe4 Nd7 5.Ng5 Ngf6 6.Bd3 e6 7.N1f3 h6 8.Nxe6 Qe7 9.O-O fxe6 10.Bg6+ Kd8 11.Bf4 b5 12.a4 Bb7 13.Re1 Nd5 14.Bg3 Kc8 15.axb5 cxb5 16.Qd3 Bc6 17.Bf5 exf5 18.Rxe7 Bxe7 19.c4
Robert James Fischer	Boris Spassky	World Championship 1972, game 6	1-0	1.c4 e6 2.Nf3 d5 3.d4 Nf6 4.Nc3 Be7 5.Bg5 O-O 6.e3 h6 7.Bh4 b6 8.cxd5 Nxd5 9.Bxe7 Qxe7 10.Nxd5 exd5 11.Rc1 Be6 12.Qa4 c5 13.Qa3 Rc8 14.Bb5 a6 15.dxc5 bxc5 16.O-O Ra7 17.Be2 Nd7 18.Nd4 Qf8 19.Nxe6 fxe6 20.e4 d4 21.f4 Qe7 22.e5 Rb8 23.Bc4 Kh8 24.Qh3 Nf8 25.b3 a5 26.f5 exf5 27.Rxf5 Nh7 28.Rcf1 Qd8 29.Qg3 Re7 30.h4 Rbb7 31.e6 Rbc7 32.Qe5 Qe8 33.a4 Qd8 34.R1f2 Qe8 35.R2f3 Qd8 36.Bd3 Qe8 37.Qe4 Nf6 38.Rxf6 gxf6 39.Rxf6 Kg8 40.Bc4 Kh8 41.Qf4
Veselin Topalov	Alexei Shirov	Linares 1998	0-1	1.d4 Nf6 2.c4 g6 3.Nc3 d5 4.cxd5 Nxd5 5.e4 Nxc3 6.bxc3 Bg7 7.Bb5+ c6 8.Ba4 O-O 9.Ne2 Nd7 10.O-O e5 11.f3 Qe7 12.Be3 Rd8 13.Qc2 Nb6 14.Bb3 Be6 15.Rad1 Nc4 16.Bc1 b5 17.f4 exd4 18.Nxd4 Bg4 19.Rde1 Qc5 20.Kh1 a5 21.h3 Bd7 22.a4 bxa4 23.Ba2 Be8 24.e5 Nb6 25.f5 Nd5 26.Bd2 Nb4 27.Qxa4 Nxa2 28.Qxa2 Bxe5 29.fxg6 hxg6 30.Bg5 Rd5 31.Re3 Qd6 32.Qe2 Bd7 33.c4 Bxd4 34.cxd5 Bxe3 35.Qxe3 Re8 36.Qc3 Qxd5 37.Bh6 Re5 38.Rf3 Qc5 39.Qa1 Bf5 40.Re3 f6 41.Rxe5 Qxe5 42.Qa2+ Qd5 43.Qxd5+ cxd5 44.Bd2 a4 45.Bc3 Kf7 46.h4 Ke6 47.Kg1 Bh3 48.gxh3 Kf5 49.Kf2 Ke4 50.Bxf6 d4 51.Be7 Kd3 52.Bc5 Kc4 53.Be7 Kb3
Lev Polugaevsky	Rashid Nezhmetdinov	Sochi 1958 (RSFSR ch.)	0-1	1.d4 Nf6 2.c4 d6 3.Nc3 e5 4.e4 exd4 5.Qxd4 Nc6 6.Qd2 g6 7.b3 Bg7 8.Bb2 O-O 9.Bd3 Ng4 10.Nge2 Qh4 11.Ng3 Nge5 12.O-O f5 13.f3 Bh6 14.Qd1 f4 15.Nge2 g5 16.Nd5 g4 17.g3 fxg3 18.hxg3 Qh3 19.f4 Be6 20.Bc2 Rf7 21.Kf2 Qh2+ 22.Ke3 Bxd5 23.cxd5 Nb4 24.Rh1 Rxf4 25.Rxh2 Rf3+ 26.Kd4 Bg7 27.a4 c5+ 28.dxc6 bxc6 29.Bd3 Nexd3+ 30.Kc4 d5+ 31.exd5 cxd5+ 32.Kb5 Rb8+ 33.Ka5 Nc6+
Rashid Nezhmetdinov	Oleg Chernikov	Rostov-on-Don 1962	1-0	1.e4 c5 2.Nf3 Nc6 3.d4 cxd4 4.Nxd4 g6 5.Nc3 Bg7 6.Be3 Nf6 7.Bc4 O-O 8.Bb3 Ng4 9.Qxg4 Nxd4 10.Qh4 Qa5 11.O-O Bf6 12.Qxf6 Ne2+ 13.Nxe2 exf6 14.Nc3 Re8 15.Nd5 Re6 16.Bd4 Kg7 17.Rad1 d6 18.Rd3 Bd7 19.Rf3 Bb5 20.Bc3 Qd8 21.Nxf6 Be2 22.Nxh7+ Kg8 23.Rh3 Re5 24.f4 Bxf1 25.Kxf1 Rc8 26.Bd4 b5 27.Ng5 Rc7 28.Bxf7+ Rxf7 29.Rh8+ Kxh8 30.Nxf7+ Kh7 31.Nxd8 Rxe4 32.Nc6 Rxf4+ 33.Ke2
Mikhail Tal	Bent Larsen	Bled 1965, Candidates semifinal game 10	1-0	1.e4 c5 2.Nf3 Nc6 3.d4 cxd4 4.Nxd4 e6 5.Nc3 d6 6.Be3 Nf6 7.f4 Be7 8.Qf3 O-O 9.O-O-O Qc7 10.Ndb5 Qb8 11.g4 a6 12.Nd4 Nxd4 13.Bxd4 b5 14.g5 Nd7 15.Bd3 b4 16.Nd5 exd5 17.exd5 f5 18.Rde1 Rf7 19.h4 Bb7 20.Bxf5 Rxf5 21.Rxe7 Ne5 22.Qe4 Qf8 23.fxe5 Rf4 24.Qe3 Rf3 25.Qe2 Qxe7 26.Qxf3 dxe5 27.Re1 Rd8 28.Rxe5 Qd6 29.Qf4 Rf8 30.Qe4 b3 31.axb3 Rf1+ 32.Kd2 Qb4+ 33.c3 Qd6 34.Bc5 Qxc5 35.Re8+ Rf8 36.Qe6+ Kh8 37.Qf7
Magnus Carlsen	Sipke Ernst	Wijk aan Zee 2004 (Corus C)	1-0	1.e4 c6 2.d4 d5 3.Nc3 dxe4 4.Nxe4 Bf5 5.Ng3 Bg6 6.h4 h6 7.Nf3 Nd7 8.h5 Bh7 9.Bd3 Bxd3 10.Qxd3 e6 11.Bf4 Ngf6 12.O-O-O Be7 13.Ne4 Qa5 14.Kb1 O-O 15.Nxf6+ Nxf6 16.Ne5 Rad8 17.Qe2 c5 18.Ng6 fxg6 19.Qxe6+ Kh8 20.hxg6 Ng8 21.Bxh6 gxh6 22.Rxh6+ Nxh6 23.Qxe7 Nf7 24.gxf7 Kg7 25.Rd3 Rd6 26.Rg3+ Rg6 27.Qe5+ Kxf7 28.Qf5+ Rf6 29.Qd7#
Vassily Ivanchuk	Artur Yusupov	Brussels 1991, Candidates match game 9	0-1	1.c4 e5 2.g3 d6 3.Bg2 g6 4.d4 Nd7 5.Nc3 Bg7 6.Nf3 Ngf6 7.O-O O-O 8.Qc2 Re8 9.Rd1 c6 10.b3 Qe7 11.Ba3 e4 12.Ng5 e3 13.f4 Nf8 14.b4 Bf5 15.Qb3 h6 16.Nf3 Ng4 17.b5 g5 18.bxc6 bxc6 19.Ne5 gxf4 20.Nxc6 Qg5 21.Bxd6 Ng6 22.Nd5 Qh5 23.h4 Nxh4 24.gxh4 Qxh4 25.Nde7+ Kh8 26.Nxf5 Qh2+ 27.Kf1 Re6 28.Qb7 Rg6 29.Qxa8+ Kh7 30.Qg8+ Kxg8 31.Nce7+ Kh7 32.Nxg6 fxg6 33.Nxg7 Nf2 34.Bxf4 Qxf4 35.Ne6 Qh2 36.Rdb1 Nh3 37.Rb7+ Kh8 38.Rb8+ Qxb8 39.Bxh3 Qg3
Wei Yi	Lazaro Bruzon	Danzhou 2015	1-0	1.e4 c5 2.Nf3 e6 3.Nc3 a6 4.Be2 Nc6 5.d4 cxd4 6.Nxd4 Qc7 7.O-O Nf6 8.Be3 Be7 9.f4 d6 10.Kh1 O-O 11.Qe1 Nxd4 12.Bxd4 b5 13.Qg3 Bb7 14.a3 Rad8 15.Rae1 Rd7 16.Bd3 Qd8 17.Qh3 g6 18.f5 e5 19.Be3 Re8 20.fxg6 hxg6 21.Nd5 Nxd5 22.Rxf7 Kxf7 23.Qh7+ Ke6 24.exd5+ Kxd5 25.Be4+ Kxe4 26.Qf7 Bf6 27.Bd2+ Kd4 28.Be3+ Ke4 29.Qb3 Kf5 30.Rf1+ Kg4 31.Qd3 Bxg2+ 32.Kxg2 Qa8+ 33.Kg1 Bg5 34.Qe2+ Kh4 35.Bf2+ Kh3 36.Be1
Bai Jinshi	Ding Liren	Chinese League 2017	0-1	1.d4 Nf6 2.c4 e6 3.Nc3 Bb4 4.Nf3 O-O 5.Bg5 c5 6.e3 cxd4 7.Qxd4 Nc6 8.Qd3 h6 9.Bh4 d5 10.Rd1 g5 11.Bg3 Ne4 12.Nd2 Nc5 13.Qc2 d4 14.Nf3 e5 15.Nxe5 dxc3 16.Rxd8 cxb2+ 17.Ke2 Rxd8 18.Qxb2 Na4 19.Qc2 Nc3+ 20.Kf3 Rd4 21.h3 h5 22.Bh2 g4+ 23.Kg3 Rd2 24.Qb3 Ne4+ 25.Kh4 Be7+ 26.Kxh5 Kg7 27.Bf4 Bf5 28.Bh6+ Kh7 29.Qxb7 Rxf2 30.Bg5 Rh8 31.Nxf7 Bg6+ 32.Kxg4 Ne5+
Johannes Zukertort	Joseph Henry Blackburne	London 1883	1-0	1.c4 e6 2.e3 Nf6 3.Nf3 b6 4.Be2 Bb7 5.O-O d5 6.d4 Bd6 7.Nc3 O-O 8.b3 Nbd7 9.Bb2 Qe7 10.Nb5 Ne4 11.Nxd6 cxd6 12.Nd2 Ndf6 13.f3 Nxd2 14.Qxd2 dxc4 15.Bxc4 d5 16.Bd3 Rfc8 17.Rae1 Rc7 18.e4 Rac8 19.e5 Ne8 20.f4 g6 21.Re3 f5 22.exf6 Nxf6 23.f5 Ne4 24.Bxe4 dxe4 25.fxg6 Rc2 26.gxh7+ Kh8 27.d5+ e5 28.Qb4 R8c5 29.Rf8+ Kxh7 30.Qxe4+ Kg7 31.Bxe5+ Kxf8 32.Bg7+ Kg8 33.Qxe7
Mikhail Botvinnik	Mikhail Tal	World Championship 1960, game 6	0-1	1.c4 Nf6 2.Nf3 g6 3.g3 Bg7 4.Bg2 O-O 5.d4 d6 6.Nc3 Nbd7 7.O-O e5 8.e4 c6 9.h3 Qb6 10.d5 cxd5 11.cxd5 Nc5 12.Ne1 Bd7 13.Nd3 Nxd3 14.Qxd3 Rfc8 15.Rb1 Nh5 16.Be3 Qb4 17.Qe2 Rc4 18.Rfc1 Rac8 19.Kh2 f5 20.exf5 Bxf5 21.Ra1 Nf4 22.gxf4 exf4 23.Bd2 Qxb2 24.Rab1 f3 25.Rxb2 fxe2 26.Rb3 Rd4 27.Be1 Be5+ 28.Kg1 Bf4 29.Nxe2 Rxc1 30.Nxd4 Rxe1+ 31.Bf1 Be4 32.Ne2 Be5 33.f4 Bf6 34.Rxb7 Bxd5 35.Rc7 Bxa2 36.Rxa7 Bc4 37.Ra8+ Kf7 38.Ra7+ Ke6 39.Ra3 d5 40.Kf2 Bh4+ 41.Kg2 Kd6 42.Ng3 Bxg3 43.Bxc4 dxc4 44.Kxg3 Kd5 45.Ra7 c3 46.Rc7 Kd4 47.Rd7+
Jose Raul Capablanca	Frank Marshall	New York 1918 (debut of the Marshall Attack)	1-0	1.e4 e5 2.Nf3 Nc6 3.Bb5 a6 4.Ba4 Nf6 5.O-O Be7 6.Re1 b5 7.Bb3 O-O 8.c3 d5 9.exd5 Nxd5 10.Nxe5 Nxe5 11.Rxe5 Nf6 12.Re1 Bd6 13.h3 Ng4 14.Qf3 Qh4 15.d4 Nxf2 16.Re2 Bg4 17.hxg4 Bh2+ 18.Kf1 Bg3 19.Rxf2 Qh1+ 20.Ke2 Bxf2 21.Bd2 Bh4 22.Qh3 Rae8+ 23.Kd3 Qf1+ 24.Kc2 Bf2 25.Qf3 Qg1 26.Bd5 c5 27.dxc5 Bxc5 28.b4 Bd6 29.a4 a5 30.axb5 axb4 31.Ra6 bxc3 32.Nxc3 Bb4 33.b6 Bxc3 34.Bxc3 h6 35.b7 Re3 36.Bxf7+
Boris Spassky	Robert James Fischer	World Championship 1972, game 1	1-0	1.d4 Nf6 2.c4 e6 3.Nf3 d5 4.Nc3 Bb4 5.e3 O-O 6.Bd3 c5 7.O-O Nc6 8.a3 Ba5 9.Ne2 dxc4 10.Bxc4 Bb6 11.dxc5 Qxd1 12.Rxd1 Bxc5 13.b4 Be7 14.Bb2 Bd7 15.Rac1 Rfd8 16.Ned4 Nxd4 17.Nxd4 Ba4 18.Bb3 Bxb3 19.Nxb3 Rxd1+ 20.Rxd1 Rc8 21.Kf1 Kf8 22.Ke2 Ne4 23.Rc1 Rxc1 24.Bxc1 f6 25.Na5 Nd6 26.Kd3 Bd8 27.Nc4 Bc7 28.Nxd6 Bxd6 29.b5 Bxh2 30.g3 h5 31.Ke2 h4 32.Kf3 Ke7 33.Kg2 hxg3 34.fxg3 Bxg3 35.Kxg3 Kd6 36.a4 Kd5 37.Ba3 Ke4 38.Bc5 a6 39.b6 f5 40.Kh4 f4 41.exf4 Kxf4 42.Kh5 Kf5 43.Be3 Ke4 44.Bf2 Kf5 45.Bh4 e5 46.Bg5 e4 47.Be3 Kf6 48.Kg4 Ke5 49.Kg5 Kd5 50.Kf5 a5 51.Bf2 g5 52.Kxg5 Kc4 53.Kf5 Kb4 54.Kxe4 Kxa4 55.Kd5 Kb5 56.Kd6
Samuel Reshevsky	Tigran Petrosian	Zurich 1953 (Candidates)	1/2-1/2	1.d4 Nf6 2.c4 e6 3.Nc3 Bb4 4.e3 O-O 5.Bd3 d5 6.Nf3 c5 7.O-O Nc6 8.a3 Bxc3 9.bxc3 b6 10.cxd5 exd5 11.Bb2 c4 12.Bc2 Bg4 13.Qe1 Ne4 14.Nd2 Nxd2 15.Qxd2 Bh5 16.f3 Bg6 17.e4 Qd7 18.Rae1 dxe4 19.fxe4 Rfe8 20.Qf4 b5 21.Bd1 Re7 22.Bg4 Qe8 23.e5 a5 24.Re3 Rd8 25.Rfe1 Re6 26.a4 Ne7 27.Bxe6 fxe6 28.Qf1 Nd5 29.Rf3 Bd3 30.Rxd3 cxd3 31.Qxd3 b4 32.cxb4 axb4 33.a5 Ra8 34.Ra1 Qc6 35.Bc1 Qc7 36.a6 Qb6 37.Bd2 b3 38.Qc4 h6 39.h3 b2 40.Rb1 Kh8 41.Be1
Anatoly Karpov	Wolfgang Unzicker	Nice Olympiad 1974	1-0	1.e4 e5 2.Nf3 Nc6 3.Bb5 a6 4.Ba4 Nf6 5.O-O Be7 6.Re1 b5 7.Bb3 d6 8.c3 O-O 9.h3 Na5 10.Bc2 c5 11.d4 Qc7 12.Nbd2 Nc6 13.d5 Nd8 14.a4 Rb8 15.axb5 axb5 16.b4 Nb7 17.Nf1 Bd7 18.Be3 Ra8 19.Qd2 Rfc8 20.Bd3 g6 21.Ng3 Bf8 22.Ra2 c4 23.Bb1 Qd8 24.Ba7 Ne8 25.Bc2 Nc7 26.Rea1 Qe7 27.Bb1 Be8 28.Ne2 Nd8 29.Nh2 Bg7 30.f4 f6 31.f5 g5 32.Bc2 Bf7 33.Ng3 Nb7 34.Bd1 h6 35.Bh5 Qe8 36.Qd1 Nd8 37.Ra3 Kf8 38.R1a2 Kg8 39.Ng4 Kf8 40.Ne3 Kg8 41.Bxf7+ Nxf7 42.Qh5 Nd8 43.Qg6 Kf8 44.Nh5
Robert James Fischer	Tigran Petrosian	Buenos Aires 1971, Candidates final game 7	1-0	1.e4 c5 2.Nf3 e6 3.d4 cxd4 4.Nxd4 a6 5.Bd3 Nc6 6.Nxc6 bxc6 7.O-O d5 8.c4 Nf6 9.cxd5 cxd5 10.exd5 exd5 11.Nc3 Be7 12.Qa4+ Qd7 13.Re1 Qxa4 14.Nxa4 Be6 15.Be3 O-O 16.Bc5 Rfe8 17.Bxe7 Rxe7 18.b4 Kf8 19.Nc5 Bc8 20.f3 Rea7 21.Re5 Bd7 22.Nxd7+ Rxd7 23.Rc1 Rd6 24.Rc7 Nd7 25.Re2 g6 26.Kf2 h5 27.f4 h4 28.Kf3 f5 29.Ke3 d4+ 30.Kd2 Nb6 31.Ree7 Nd5 32.Rf7+ Ke8 33.Rb7 Nxf4 34.Bc4
